
 /categories, https://fakestoreapi.com/products/category/men's clothing, 200, Fri Nov 15 2024
 /categories, https://fakestoreapi.com/products/category/men's clothing, 200, Fri Nov 15 2024
 /categories, https://fakestoreapi.com/products/category/men's clothing, 200, Fri Nov 15 2024
 /categories, https://fakestoreapi.com/products/category/women's clothing, 200, Fri Nov 15 2024
 /categories, https://fakestoreapi.com/products/category/jewelery, 200, Fri Nov 15 2024
 /categories, https://fakestoreapi.com/products/category/women's clothing, 200, 17:39:49 GMT+0330 (Iran Standard Time)
 /categories, https://fakestoreapi.com/products/category/men's clothing, 200, 17:39:50 GMT+0330 (Iran Standard Time)
 /categories, https://fakestoreapi.com/products/category/men's clothing, 200, 2024-11-15T14:10:22.104Z
 /categories, https://fakestoreapi.com/products/category/men's clothing, 200, 2024-11-15T14:10:23.008Z
 /categories, https://fakestoreapi.com/products/category/jewelery, 200, 2024-11-15T14:10:24.183Z
 /categories, https://fakestoreapi.com/products/category/women's clothing, 200, 2024-11-15T14:10:24.943Z
 /categories, https://fakestoreapi.com/products/category/electronics, 200, 2024-11-15T14:10:25.679Z
 /categories, https://fakestoreapi.com/products/categoryy/men's clothing, 404, 2024-11-15T14:10:49.200Z
 /categories, https://fakestoreapi.com/products/categoryy/women's clothing, 404, 2024-11-15T14:19:00.793Z
 /categories, https://fakestoreapi.com/products/categoryy/men's clothing, 404, 2024-11-15T14:19:04.032Z
 /categories, https://fakestoreapi.com/products/categoryy/jewelery, 404, 2024-11-15T14:19:05.080Z
 /categories, https://fakestoreapi.com/products/category/women's clothing, 200, 2024-11-15T14:19:22.385Z
 /categories, https://fakestoreapi.com/products/category/jewelery, 200, 2024-11-15T14:19:25.112Z
 /categories, https://fakestoreapi.com/products/category/men's clothing, 200, 2024-11-15T14:19:28.553Z
 /categories, https://fakestoreapi.com/products/category/men's clothing, 200, 2024-11-15T14:19:24.361Z
 /categories, https://fakestoreapi.com/products/category/women's clothing, 200, 2024-11-15T14:19:28.073Z
 /categories, https://fakestoreapi.com/products/category/jewelery, 200, 2024-11-15T14:19:28.976Z
 /categories, https://fakestoreapi.com/products/category/electronics, 200, 2024-11-15T14:19:26.145Z
 /categories, https://fakestoreapi.com/products/category/men's clothing, 200, 2024-11-15T14:19:27.576Z
 /categories, https://fakestoreapi.com/products/category/jewelery, 200, 2024-11-15T14:19:27.113Z
 /categories, https://fakestoreapi.com/products/category/women's clothing, 200, 2024-11-15T14:19:49.008Z
 /categories, https://fakestoreapi.com/products/category/men's clothing, 200, 2024-11-15T14:19:50.592Z
 /categories, https://fakestoreapi.com/products/category/women's clothing, undefined, 2024-11-15T14:21:02.000Z
 /categories, https://fakestoreapi.com/products/category/women's clothing, 200, 2024-11-15T14:21:48.985Z
 /categories, https://fakestoreapi.com/products/category/men's clothing, 200, 2024-11-15T14:21:50.208Z
 /categories, https://fakestoreapi.com/products/category/jewelery, 200, 2024-11-15T14:21:51.728Z
 /categories, https://fakestoreapi.com/products/category/electronics, 200, 2024-11-15T14:21:52.281Z
 /categories, https://fakestoreapi.com/products/category/jewelery, 200, 2024-11-15T14:21:52.792Z
 /categories, https://fakestoreapi.com/products/category/men's clothing, 200, 2024-11-15T14:21:53.264Z
 /categories, https://fakestoreapi.com/products/category/, 200, 2024-11-15T14:28:48.523Z
 /categories, https://fakestoreapi.com/products/category/, 200, 2024-11-15T14:28:51.990Z
 /categories, https://fakestoreapi.com/products/category/women's clothing, 200, 2024-11-15T14:29:07.978Z
 /categories, https://fakestoreapi.com/products/category/men's clothing, 200, 2024-11-15T14:29:18.404Z
 /categories, https://fakestoreapi.com/products/category/jewelery, 200, 2024-11-15T14:29:20.291Z
 /categories, https://fakestoreapi.com/products/category/electronics, 200, 2024-11-15T14:29:20.868Z
 /categories, https://fakestoreapi.com/products/category/jewelery, 200, 2024-11-15T14:29:21.404Z
 /categories, https://fakestoreapi.com/products/category/men's clothing, 200, 2024-11-15T14:29:21.972Z
 /categories, https://fakestoreapi.com/products/category/women's clothing, 200, 2024-11-15T14:29:22.483Z
 /categories, https://fakestoreapi.com/products/category/men's clothing, 200, 2024-11-15T14:34:12.834Z
 /categories, https://fakestoreapi.com/products/category/jewelery, 200, 2024-11-15T14:34:14.026Z
 /categories, https://fakestoreapi.com/products/category/electronics, 200, 2024-11-15T14:34:15.162Z
 /categories, https://fakestoreapi.com/products/category/jewelery, 200, 2024-11-15T14:34:18.155Z
 /categories, https://fakestoreapi.com/products/category/men's clothing, 200, 2024-11-15T14:34:18.475Z
 /categories, https://fakestoreapi.com/products/category/women's clothing, 200, 2024-11-15T14:34:18.889Z
 /categories, https://fakestoreapi.com/products/category/men's clothing, 200, 2024-11-15T14:34:20.018Z
 /categories, https://fakestoreapi.com/products/category/jewelery, 200, 2024-11-15T14:34:20.314Z
 /categories, https://fakestoreapi.com/products/category/women's clothing, 200, 2024-11-15T14:34:26.034Z
 /categories, https://fakestoreapi.com/products/category/men's clothing, undefined, 2024-11-15T14:34:27.019Z
 /categories, https://fakestoreapi.com/products/category/jewelery, 200, 2024-11-15T14:34:27.459Z
 /categories, https://fakestoreapi.com/products/category/women's clothing, undefined, 2024-11-15T14:34:34.243Z
 /categories, https://fakestoreapi.com/products/category/men's clothing, undefined, 2024-11-15T14:34:34.739Z
 /categories, https://fakestoreapi.com/products/category/jewelery, undefined, 2024-11-15T14:34:35.323Z
 /categories, https://fakestoreapi.com/products/category/electronics, undefined, 2024-11-15T14:34:35.850Z
 /categories, https://fakestoreapi.com/products/category/jewelery, undefined, 2024-11-15T14:34:36.363Z
 /categories, https://fakestoreapi.com/products/category/men's clothing, undefined, 2024-11-15T14:34:36.883Z
 /categories, https://fakestoreapi.com/products/category/women's clothing, 200, 2024-11-15T14:34:37.368Z
 /categories, https://fakestoreapi.com/products/category/men's clothing, undefined, 2024-11-15T14:34:54.627Z
 /categories, https://fakestoreapi.com/products/category/jewelery, undefined, 2024-11-15T14:34:55.355Z
 /categories, https://fakestoreapi.com/products/category/electronics, undefined, 2024-11-15T14:34:55.851Z
 /categories, https://fakestoreapi.com/products/category/jewelery, undefined, 2024-11-15T14:34:56.571Z
 /categories, https://fakestoreapi.com/products/category/men's clothing, undefined, 2024-11-15T14:34:56.962Z
 /categories, https://fakestoreapi.com/products/category/women's clothing, undefined, 2024-11-15T14:34:57.307Z
 /categories, https://fakestoreapi.com/products/category/jewelery, 200, 2024-11-15T14:34:58.547Z